proband_local_id,matched,log_odds_match,p_match,sample_match_local_id,second_best_log_odds
1,1,29.651800972095156,0.9999999999998674,1005,-31.527640352096324
2,1,25.298704043709186,0.9999999999896982,1001,-inf
3,1,19.664790718087005,0.999999997118027,1002,-31.517581820004903
4,1,34.766408465008126,0.9999999999999992,1003,-inf
5,1,29.579028524494277,0.9999999999998574,1004,-inf
